Year,State,Employment,AVG Price
2000,AK,248329,$139983.394
2000,AL,1812676,$90142.5622
2000,AR,750096,$68742.9405
2000,AZ,2683392,$132916.6797
2000,CA,18846574,$266632.6459
2000,CO,2508819,$198529.3937
2000,CT,1972690,$196084.5759
2000,DE,71832,$130522.9708
2000,FL,8620910,$128270.695
2000,GA,3685760,$100399.1894
2000,HI,635131,$183779.0111
2000,IA,876977,$94989.7611
2000,ID,529067,$106297.9847
2000,IL,1045703,$161016.3377
2000,IN,2032205,$84972.2295
2000,KS,647235,$103382.3469
2000,KY,516183,$79575.3077
2000,LA,2073814,$94886.3293
2000,MA,578511,$218141.189
2000,MD,1593263,$168215.6737
2000,ME,472903,$114229.1681
2000,MI,4716778,$120482.5754
2000,MN,308980,$156174.0288
2000,MO,543712,$135897.4622
2000,NC,2892188,$105294.4943
2000,NE,239415,$120155.3113
2000,NH,246068,$138740.9196
2000,NJ,541054,$192724.7932
2000,NV,1130192,$219002.9498
2000,NY,3113507,$162490.055
2000,OH,4235017,$114358.5178
2000,OK,1330655,$54584.7695
2000,OR,686135,$156184.225
2000,PA,3530077,$113468.7079
2000,SC,1608020,$111193.2536
2000,TN,1706899,$78729.9178
2000,TX,10698149,$152473.1122
2000,UT,1186118,$197909.1741
2000,VA,1344390,$154106.4416
2000,VT,142039,$111651.8141
2000,WA,3040946,$213344.7654
2000,WI,2366566,$162690.7205
2000,WV,336231,$67727.596
2001,AK,254490,$162820.5476
2001,AL,1812879,$93330.0794
2001,AR,762595,$72368.1847
2001,AZ,2712050,$139989.1066
2001,CA,18956953,$297468.0421
2001,CO,2527574,$220786.1558
2001,CT,1980293,$213520.6585
2001,DE,72004,$146379.0109
2001,FL,8678112,$140095.4429
2001,GA,3719703,$107652.6345
2001,HI,634363,$197270.6003
2001,IA,881684,$99518.6748
2001,ID,537967,$152256.5661
2001,IL,1031947,$171394.519
2001,IN,2001130,$92936.7226
2001,KS,656764,$179543.1121
2001,KY,512847,$83419.6781
2001,LA,2087684,$99925.5219
2001,MA,582143,$248791.0167
2001,MD,1594780,$180413.3245
2001,ME,479126,$125721.3711
2001,MI,4651873,$127602.6954
2001,MN,314521,$172475.6877
2001,MO,545787,$139134.9072
2001,NC,2868364,$111936.9064
2001,NE,242309,$121867.3901
2001,NH,245028,$156413.5502
2001,NJ,545472,$214665.522
2001,NV,1166203,$236693.0343
2001,NY,3082534,$180903.2709
2001,OH,4204932,$119566.7135
2001,OK,1343123,$57443.002
2001,OR,683870,$162139.3135
2001,PA,3525647,$119227.4075
2001,SC,1595313,$119524.1
2001,TN,1691421,$82198.3658
2001,TX,10848927,$150264.6414
2001,UT,1197034,$207095.6004
2001,VA,1341895,$170030.5433
2001,VT,144163,$120298.3314
2001,WA,3036753,$219403.5408
2001,WI,2368876,$167226.948
2001,WV,335576,$71240.4878
2002,AK,260267,$178626.1262
2002,AL,1808313,$97189.4494
2002,AR,767321,$74386.8635
2002,AZ,2730407,$145892.8968
2002,CA,18964416,$325180.1925
2002,CO,2504063,$231280.512
2002,CT,1973941,$234480.7591
2002,DE,73663,$160911.7432
2002,FL,8794769,$155610.1401
2002,GA,3710979,$112342.301
2002,HI,637258,$213028.276
2002,IA,879178,$102342.048
2002,ID,543321,$152551.5176
2002,IL,1020275,$180859.7376
2002,IN,1985463,$97109.0479
2002,KS,644715,$161686.7426
2002,KY,506747,$85628.1598
2002,LA,2090428,$107215.8757
2002,MA,582104,$279260.6432
2002,MD,1608106,$198830.5121
2002,ME,481095,$139036.4205
2002,MI,4596672,$132802.3546
2002,MN,317768,$189745.2476
2002,MO,546579,$146365.7649
2002,NC,2861021,$120251.3644
2002,NE,242829,$123163.0436
2002,NH,242388,$174922.0139
2002,NJ,548005,$241255.2968
2002,NM,672567,$144689.0412
2002,NV,1181457,$257207.2295
2002,NY,3059976,$201738.4534
2002,OH,4146158,$123420.6555
2002,OK,1331536,$59647.7731
2002,OR,683933,$167911.7245
2002,PA,3513983,$127238.0841
2002,SC,1588904,$122459.2
2002,TN,1688838,$84626.2714
2002,TX,10868336,$152991.5857
2002,UT,1198565,$209790.2136
2002,VA,1339667,$183494.4556
2002,VT,143707,$128981.6091
2002,WA,3005988,$224913.8901
2002,WI,2358837,$169204.4772
2002,WV,333984,$74139.5444
2002,WY,99359,$136906.5981
2003,AK,264630,$187734.3938
2003,AL,1817133,$99086.899
2003,AR,778744,$77032.4506
2003,AZ,2797607,$153481.6128
2003,CA,19085710,$363488.354
2003,CO,2494107,$234156.6765
2003,CT,1968288,$262158.7994
2003,DE,75124,$181673.7061
2003,FL,9019030,$174791.8348
2003,GA,3744115,$115093.4258
2003,HI,649521,$244538.9723
2003,IA,882256,$105897.328
2003,ID,552012,$151107.6329
2003,IL,1010976,$190806.0232
2003,IN,1987676,$105622.9711
2003,KS,639199,$159313.7038
2003,KY,513296,$86775.1896
2003,LA,2108538,$113788.5853
2003,MA,582246,$314393.0934
2003,MD,1618622,$225997.9994
2003,ME,485236,$153852.5738
2003,MI,4572440,$136105.3005
2003,MN,320277,$205000.6757
2003,MO,553502,$153724.2156
2003,MS,622494,$76682.9485
2003,NC,2871702,$123998.434
2003,NE,245880,$124593.3065
2003,NH,246090,$194103.8148
2003,NJ,555703,$277710.2074
2003,NM,683676,$153798.5384
2003,NV,1232187,$283190.28
2003,NY,3071038,$228044.6856
2003,OH,4130885,$127610.783
2003,OK,1319280,$61180.0888
2003,OR,695744,$175194.7561
2003,PA,3503787,$138481.0799
2003,SC,1602502,$121008.9398
2003,TN,1707207,$87538.0249
2003,TX,10948093,$156171.558
2003,UT,1205976,$209312.8148
2003,VA,1341840,$200595.2552
2003,VT,144044,$138530.5822
2003,WA,3026636,$232253.2172
2003,WI,2366293,$179033.9773
2003,WV,331680,$76647.1371
2003,WY,101328,$139806.5119
2004,AK,270032,$200927.4338
2004,AL,1859905,$103338.8451
2004,AR,796837,$81382.2454
2004,AZ,2919533,$168686.9367
2004,CA,19387948,$423682.7802
2004,CO,2537208,$237128.6231
2004,CT,1998699,$291494.3987
2004,DE,78240,$209048.5272
2004,FL,9374814,$192033.5012
2004,GA,3849802,$118857.26
2004,HI,667669,$300238.2428
2004,IA,901808,$112581.2554
2004,ID,572148,$158450.2461
2004,IL,1016528,$199437.107
2004,IN,2019293,$112090.3296
2004,KS,644109,$162049.0362
2004,KY,521002,$89659.9539
2004,LA,2123506,$122718.9044
2004,MA,587895,$344621.2609
2004,MD,1646682,$264293.5342
2004,ME,494817,$174368.5027
2004,MI,4589645,$141295.9114
2004,MN,325163,$213505.1489
2004,MO,563044,$156616.1715
2004,MS,628736,$79030.1963
2004,NC,2938123,$128387.8608
2004,NE,249066,$129438.2239
2004,NH,250596,$216497.5097
2004,NJ,568509,$316353.8654
2004,NM,702836,$164730.1021
2004,NV,1314487,$337175.9812
2004,NY,3102057,$253824.5328
2004,OH,4160968,$132243.147
2004,OK,1339624,$63419.7052
2004,OR,720581,$192003.3179
2004,PA,3550196,$151827.3604
2004,SC,1632204,$122634.4765
2004,TN,1759882,$91134.2259
2004,TX,11151567,$163808.4421
2004,UT,1245912,$212852.6403
2004,VA,1369400,$229023.2097
2004,VT,147053,$155549.3636
2004,WA,3082853,$251800.644
2004,WI,2402893,$197673.7991
2004,WV,335379,$80130.5975
2004,WY,103792,$146082.173
2005,AK,275852,$183939.2321
2005,AL,1909962,$110483.2793
2005,AR,820792,$87679.738
2005,AZ,3092773,$211903.0327
2005,CA,19727004,$493325.6209
2005,CO,2602728,$246898.9011
2005,CT,2024325,$328181.3769
2005,DE,81729,$244371.4124
2005,FL,9788441,$235965.5041
2005,GA,3992536,$123920.8725
2005,HI,683628,$384640.4051
2005,IA,918027,$118406.2931
2005,ID,601846,$160973.2205
2005,IL,1023912,$212538.8771
2005,IN,2047410,$119252.7069
2005,KS,649199,$158598.204
2005,KY,529498,$92634.6912
2005,LA,2082277,$132047.039
2005,MA,590338,$374809.7714
2005,MD,1677129,$318401.2722
2005,ME,496078,$191626.2233
2005,MI,4608950,$146826.5109
2005,MN,330197,$217211.8203
2005,MO,577540,$162988.3323
2005,MS,625905,$83732.4874
2005,MT,229187,$210418.9546
2005,NC,3013670,$137027.3403
2005,NE,253020,$134439.5988
2005,NH,255100,$239387.5214
2005,NJ,580308,$363938.5453
2005,NM,721040,$175342.1696
2005,NV,1400799,$419346.8368
2005,NY,3131412,$284372.7639
2005,OH,4186901,$136275.1531
2005,OK,1367698,$66090.1308
2005,OR,745646,$219601.0419
2005,PA,3592833,$163085.3251
2005,SC,1668198,$131467.6591
2005,TN,1802857,$96671.2646
2005,TX,11536955,$169875.0774
2005,UT,1300751,$213987.9858
2005,VA,1403962,$272817.5597
2005,VT,147964,$175280.9814
2005,WA,3170182,$287446.5552
2005,WI,2432768,$208172.7306
2005,WV,338774,$87128.1477
2005,WY,106548,$158128.1447
2006,AK,283202,$196890.0756
2006,AL,1961066,$119500.2951
2006,AR,843712,$94521.837
2006,AZ,3243173,$259039.7463
2006,CA,20101367,$539874.9148
2006,CO,2661733,$256628.5877
2006,CT,2051947,$350733.3709
2006,DE,83361,$277616.0912
2006,FL,10098345,$281632.041
2006,GA,4137870,$130444.0473
2006,HI,701156,$459054.8313
2006,IA,939257,$122476.0576
2006,ID,632338,$174278.9001
2006,IL,1036926,$220028.5065
2006,IN,2079359,$123210.8675
2006,KS,660643,$155816.6886
2006,KY,544106,$94866.8505
2006,LA,2089974,$147426.885
2006,MA,591037,$379126.2269
2006,MD,1713517,$363376.0715
2006,ME,502947,$196609.0939
2006,MI,4577433,$148300.443
2006,MN,336403,$220751.2494
2006,MO,590276,$169376.8284
2006,MS,638541,$90592.5934
2006,MT,233996,$221735.9124
2006,NC,3107041,$149040.0952
2006,NE,256871,$134246.5044
2006,NH,256756,$249946.1771
2006,NJ,587055,$400824.6512
2006,NM,745242,$197070.8132
2006,NV,1468103,$459230.0877
2006,NY,3145403,$309208.0305
2006,OH,4213839,$138476.1514
2006,OK,1404491,$68818.7498
2006,OR,765681,$256460.5633
2006,PA,3640495,$176218.6981
2006,SC,1712886,$145899.0187
2006,SD,248537,$137143.1769
2006,TN,1847570,$103952.7431
2006,TX,12002445,$177423.5199
2006,UT,1364224,$233657.0593
2006,VA,1435692,$299858.8342
2006,VT,149069,$190495.2944
2006,WA,3268049,$333237.8087
2006,WI,2458041,$212007.6537
2006,WV,342841,$92666.5586
2006,WY,109606,$167981.3751
2007,AK,289064,$205579.3566
2007,AL,2016496,$124527.8974
2007,AR,856248,$97310.3691
2007,AZ,3326006,$260520.2271
2007,CA,20478923,$506675.0877
2007,CO,2752972,$259800.4492
2007,CT,2092932,$348221.7852
2007,DE,84923,$281555.0942
2007,FL,10239546,$274310.0617
2007,GA,4262404,$134854.3382
2007,HI,717543,$471160.7676
2007,IA,960878,$125324.2514
2007,ID,653009,$200691.2084
2007,IL,1050801,$219124.3971
2007,IN,2111466,$123992.6021
2007,KS,681590,$156214.0719
2007,KY,556504,$96255.7671
2007,LA,2170336,$151380.9341
2007,MA,599956,$365162.1183
2007,MD,1745756,$367294.3809
2007,ME,511104,$197104.3655
2007,MI,4576124,$141731.8093
2007,MN,341736,$217348.462
2007,MO,602744,$170429.9202
2007,MS,660903,$94735.134
2007,MT,240482,$231479.5179
2007,NC,3212109,$164486.9568
2007,NE,261627,$130926.2363
2007,NH,260416,$246258.2924
2007,NJ,584259,$397316.7329
2007,NM,762420,$213003.8756
2007,NV,1503228,$419305.5526
2007,NY,3184155,$309157.5468
2007,OH,4249680,$137797.4092
2007,OK,1437725,$71733.7208
2007,OR,781207,$275158.6151
2007,PA,3693468,$181396.0262
2007,SC,1765505,$152593.4901
2007,SD,255874,$139407.5898
2007,TN,1885141,$109482.3738
2007,TX,12469988,$174637.5174
2007,UT,1435377,$276509.0484
2007,VA,1467044,$292918.314
2007,VT,151286,$199952.6599
2007,WA,3380299,$350896.8516
2007,WI,2488444,$210532.0781
2007,WV,347497,$94670.4939
2007,WY,113839,$182756.8708
2008,AK,291434,$208049.6533
2008,AL,2007399,$123874.3757
2008,AR,854944,$96990.2273
2008,AZ,3264791,$221117.8715
2008,CA,20251018,$430590.4921
2008,CO,2782262,$253793.7582
2008,CT,2102375,$332548.6475
2008,DE,84602,$268881.3802
2008,FL,9984496,$230994.6413
2008,GA,4234270,$137130.6461
2008,HI,714385,$456324.158
2008,IA,967079,$124819.7801
2008,ID,645882,$213388.5556
2008,IL,1047563,$206318.8393
2008,IN,2095804,$123322.1978
2008,KS,691573,$156475.5196
2008,KY,553980,$96915.6153
2008,LA,2217917,$147594.0058
2008,MA,598669,$348074.0806
2008,MD,1742154,$339377.3951
2008,ME,509739,$194300.7081
2008,MI,4476087,$129776.9462
2008,MN,339364,$202402.6663
2008,MO,600758,$163476.3253
2008,MS,665398,$80322.6648
2008,MT,241283,$228447.7698
2008,NC,3209012,$166222.8306
2008,NE,261857,$128091.4693
2008,NH,258229,$235331.2791
2008,NJ,582452,$374839.9062
2008,NM,764595,$211982.5437
2008,NV,1479837,$347861.7521
2008,NY,3199051,$299620.8648
2008,OH,4209432,$134444.1646
2008,OK,1465362,$73290.0152
2008,OR,767692,$260759.2867
2008,PA,3698997,$179782.054
2008,SC,1764387,$150200.5061
2008,SD,261102,$146774.5239
2008,TN,1879355,$109740.9581
2008,TX,12799248,$176856.3312
2008,UT,1441638,$282929.1957
2008,VA,1467765,$269640.71
2008,VT,151588,$200715.455
2008,WA,3410052,$331014.9879
2008,WI,2481378,$208833.3239
2008,WV,348911,$98403.4289
2008,WY,116241,$177485.6807
2009,AK,291098,$206236.8964
2009,AL,1933955,$119370.3738
2009,AR,839008,$93766.3164
2009,AZ,3096476,$178449.2994
2009,CA,19450233,$359349.4897
2009,CO,2716103,$239113.2628
2009,CT,2047885,$309849.9479
2009,DE,81628,$242729.923
2009,FL,9567540,$188121.7671
2009,GA,4077227,$125354.682
2009,HI,693422,$410139.6589
2009,IA,957497,$114177.4423
2009,ID,616209,$189046.7111
2009,IL,1013263,$170641.6061
2009,IN,2004561,$113272.0881
2009,KS,675424,$137663.186
2009,KY,536241,$93908.493
2009,LA,2198822,$132768.2463
2009,MA,583181,$328046.4141
2009,MD,1705708,$300152.4146
2009,ME,495962,$181701.5429
2009,MI,4225563,$113968.278
2009,MN,331873,$174487.232
2009,MO,585058,$144962.6905
2009,MS,653547,$108538.5229
2009,MT,237248,$214448.4665
2009,NC,3106927,$155681.99
2009,ND,80758,$155633.5312
2009,NE,258702,$121499.6426
2009,NH,250764,$220047.3964
2009,NJ,565052,$347019.203
2009,NM,739718,$187040.2029
2009,NV,1381158,$246742.2613
2009,NY,3133838,$280281.7336
2009,OH,4048525,$126123.8589
2009,OK,1433786,$71495.1118
2009,OR,729765,$229902.7599
2009,PA,3607244,$162022.478
2009,SC,1688571,$134918.1115
2009,SD,258837,$141065.5695
2009,TN,1806177,$106537.7872
2009,TX,12657879,$147370.38
2009,UT,1396076,$243071.2134
2009,VA,1424215,$222628.6816
2009,VT,149147,$196119.7131
2009,WA,3290618,$272053.6081
2009,WI,2390395,$170376.9172
2009,WV,343725,$97539.2907
2009,WY,113337,$200129.1388
2010,AK,291281,$205764.2736
2010,AL,1922302,$111360.7468
2010,AR,840699,$92013.6801
2010,AZ,3050858,$160756.143
2010,CA,19262420,$348763.9756
2010,CO,2705726,$229181.9871
2010,CT,2026089,$299047.9677
2010,DE,81669,$221182.8145
2010,FL,9531620,$173176.6251
2010,GA,4055391,$116148.7462
2010,HI,689721,$394456.2247
2010,IA,956317,$109060.7026
2010,ID,609378,$168892.8619
2010,IL,1008665,$159473.7624
2010,IN,2007097,$109817.1736
2010,KS,668980,$124452.5704
2010,KY,541229,$92584.933
2010,LA,2204344,$127196.6955
2010,MA,581612,$328475.5945
2010,MD,1702710,$285169.1908
2010,ME,491954,$173782.9008
2010,MI,4224393,$106938.0959
2010,MN,329727,$165977.8538
2010,MO,578961,$135882.9641
2010,MS,654088,$111127.3238
2010,MT,235717,$202195.1695
2010,NC,3091789,$147748.9151
2010,ND,82274,$138669.2775
2010,NE,257431,$118727.0617
2010,NH,247058,$213836.3133
2010,NJ,563016,$336730.6891
2010,NM,728446,$174554.7007
2010,NV,1348741,$211571.1967
2010,NY,3114073,$276392.4155
2010,OH,4028773,$122264.1142
2010,OK,1431852,$70492.5533
2010,OR,720625,$212999.0336
2010,PA,3608546,$158640.3598
2010,SC,1682150,$125543.7419
2010,SD,259078,$141674.5488
2010,TN,1805079,$104390.5004
2010,TX,12716887,$141485.5972
2010,UT,1384185,$225796.5478
2010,VA,1411988,$208036.1651
2010,VT,150311,$193357.7785
2010,WA,3253141,$253987.9711
2010,WI,2377788,$163312.622
2010,WV,344388,$94690.1151
2010,WY,113274,$193570.8693
2011,AK,295642,$205197.6801
2011,AL,1954509,$104128.0987
2011,AR,858177,$89546.4196
2011,AZ,3107509,$144307.9058
2011,CA,19608643,$326300.9099
2011,CO,2764451,$220280.6322
2011,CT,2058642,$286327.9865
2011,DE,83855,$204446.6293
2011,FL,9762667,$160225.3204
2011,GA,4149402,$106607.8455
2011,HI,698695,$388334.9665
2011,IA,972821,$107345.1604
2011,ID,617473,$153398.5874
2011,IL,1020337,$148571.0986
2011,IN,2050383,$107423.2178
2011,KS,670129,$112475.8089
2011,KY,552056,$89499.5567
2011,LA,2230661,$122448.5074
2011,MA,585320,$318044.8124
2011,MD,1735516,$272816.1837
2011,ME,495469,$168133.9529
2011,MI,4341812,$102107.5214
2011,MN,335445,$154161.5741
2011,MO,586246,$127015.2415
2011,MS,659655,$110175.7925
2011,MT,238523,$194117.0669
2011,NC,3146493,$141004.9333
2011,ND,84543,$140364.2743
2011,NE,260290,$114968.343
2011,NH,249484,$209079.1468
2011,NJ,565255,$318916.9707
2011,NM,729990,$163000.2699
2011,NV,1370194,$189559.1449
2011,NY,3140298,$269657.2718
2011,OH,4100111,$117145.9824
2011,OK,1454838,$68813.5131
2011,OR,723162,$195189.7609
2011,PA,3657136,$151491.4326
2011,SC,1732786,$117870.1088
2011,SD,264167,$136917.2421
2011,TN,1848647,$102044.1039
2011,TX,13106165,$137713.7082
2011,UT,1421832,$212521.8114
2011,VA,1431695,$199327.1858
2011,VT,153443,$194187.914
2011,WA,3294391,$233725.2469
2011,WI,2413566,$153845.9116
2011,WV,347333,$93026.3426
2011,WY,116182,$189756.2059
2012,AK,302328,$193705.9231
2012,AL,1962767,$103658.6723
2012,AR,865075,$90550.4105
2012,AZ,3162559,$147249.4894
2012,CA,20291167,$322696.3792
2012,CO,2821201,$219115.3578
2012,CT,2074425,$266576.7899
2012,DE,84764,$193089.3973
2012,FL,9975437,$160236.1403
2012,GA,4203710,$104703.7007
2012,HI,710628,$378866.0953
2012,IA,987435,$109572.6619
2012,ID,621822,$153600.8759
2012,IL,1025762,$137381.7897
2012,IN,2091191,$103051.1562
2012,KS,674024,$92921.5592
2012,KY,557568,$87940.6376
2012,LA,2267948,$121701.1326
2012,MA,600046,$308995.8837
2012,MD,1765783,$266588.3073
2012,ME,497969,$157394.6633
2012,MI,4407930,$100812.2737
2012,MN,340383,$147118.1665
2012,MO,594771,$114688.728
2012,MS,662061,$98096.9554
2012,MT,241241,$190720.1658
2012,NC,3184540,$138490.4928
2012,ND,88020,$136282.8675
2012,NE,265836,$114541.6232
2012,NH,250653,$202944.0048
2012,NJ,567109,$312754.346
2012,NM,730031,$157189.8836
2012,NV,1386077,$181174.1903
2012,NY,3153308,$264780.4683
2012,OH,4158890,$115185.0744
2012,OK,1492016,$68651.7535
2012,OR,725618,$189287.4098
2012,PA,3691057,$147960.264
2012,SC,1757976,$117679.4965
2012,SD,269019,$134318.5536
2012,TN,1885337,$102706.6129
2012,TX,13491126,$137376.8829
2012,UT,1459196,$208785.3793
2012,VA,1451083,$189319.7462
2012,VT,156025,$192456.5205
2012,WA,3381177,$219279.2331
2012,WI,2434920,$145939.3863
2012,WV,350335,$94140.9696
2012,WY,119058,$185633.5581
2013,AK,302553,$200386.3451
2013,AL,1978820,$108847.092
2013,AR,874650,$92148.3362
2013,AZ,3236075,$165825.4399
2013,CA,20934796,$369550.6278
2013,CO,2908161,$232699.6808
2013,CT,2096490,$270297.2087
2013,DE,86585,$197717.4273
2013,FL,10261355,$176948.9587
2013,GA,4304306,$111193.7803
2013,HI,725490,$408766.3517
2013,IA,1003571,$114901.5856
2013,ID,638411,$165515.4858
2013,IL,1014027,$141301.5
2013,IN,2121943,$104341.6883
2013,KS,681855,$96260.6241
2013,KY,564036,$89990.7939
2013,LA,2309297,$126519.5026
2013,MA,609470,$322358.0215
2013,MD,1793344,$277405.5639
2013,ME,501911,$160633.9659
2013,MI,4486936,$109891.4528
2013,MN,345415,$155231.0119
2013,MO,600932,$118271.6338
2013,MS,670269,$98100.9022
2013,MT,242750,$187953.9846
2013,NC,3226983,$139313.1757
2013,ND,91075,$155101.878
2013,NE,270101,$119379.1149
2013,NH,254365,$208032.9263
2013,NJ,571335,$325336.6779
2013,NM,735415,$157590.7475
2013,NV,1427086,$190050.5222
2013,NY,3168784,$270488.7653
2013,OH,4210616,$118901.1703
2013,OK,1520313,$71163.536
2013,OR,737470,$200254.8789
2013,PA,3718036,$144350.0958
2013,SC,1796862,$121119.2245
2013,SD,274167,$142997.4326
2013,TN,1926240,$106230.8453
2013,TX,13901293,$144274.3715
2013,UT,1503716,$227181.8214
2013,VA,1468316,$196138.3792
2013,VT,157592,$200743.7308
2013,WA,3451779,$239710.2764
2013,WI,2464664,$152043.5798
2013,WV,347714,$95844.18
2013,WY,122234,$192866.5823
2014,AK,301222,$204968.026
2014,AL,2005818,$114336.7921
2014,AR,889610,$94235.8636
2014,AZ,3312776,$179997.5211
2014,CA,21605553,$416050.0854
2014,CO,3011029,$248564.9527
2014,CT,2114734,$278112.3289
2014,DE,87627,$209351.3181
2014,FL,10654685,$196747.7954
2014,GA,4460014,$117727.5312
2014,HI,737373,$465307.5589
2014,IA,1018385,$118759.3116
2014,ID,656291,$175677.2997
2014,IL,1019633,$148146.425
2014,IN,2161858,$108067.0003
2014,KS,690651,$99770.6717
2014,KY,572886,$92442.3313
2014,LA,2352373,$130362.8956
2014,MA,616036,$341102.7303
2014,MD,1814752,$290806.2775
2014,ME,507708,$166025.1447
2014,MI,4565245,$119755.6095
2014,MN,348270,$164144.1784
2014,MO,606883,$123380.672
2014,MS,679752,$101288.5972
2014,MT,245345,$196750.2546
2014,NC,3298417,$144321.6734
2014,ND,93393,$173989.2862
2014,NE,273599,$124501.4894
2014,NH,258584,$215824.9157
2014,NJ,575157,$344737.6905
2014,NM,741282,$165470.3084
2014,NV,1474986,$214839.3271
2014,NY,3188172,$285488.2528
2014,OH,4270069,$123655.8197
2014,OK,1543152,$74522.3269
2014,OR,761023,$213750.413
2014,PA,3748259,$147466.7353
2014,SC,1845452,$127356.1647
2014,SD,280498,$148359.1009
2014,TN,1986434,$111715.7719
2014,TX,14349099,$155156.746
2014,UT,1547246,$242356.7794
2014,VA,1490908,$200657.6114
2014,VT,159899,$204867.2239
2014,WA,3542175,$254592.4881
2014,WI,2499493,$159251.1857
2014,WV,346535,$98888.9805
2014,WY,124116,$199415.4575
2015,AK,303222,$215389.0027
2015,AL,2035262,$116172.0524
2015,AR,909455,$97741.9092
2015,AZ,3412271,$189877.3192
2015,CA,22290215,$449629.3397
2015,CO,3111492,$271772.2532
2015,CT,2136538,$283217.9449
2015,DE,88488,$220905.7963
2015,FL,11080564,$214435.9402
2015,GA,4604400,$124407.6219
2015,HI,752672,$485434.2385
2015,IA,1031503,$124006.3336
2015,ID,676134,$182609.6787
2015,IL,1027121,$150352.2201
2015,IN,2204065,$112917.9179
2015,KS,696867,$103018.649
2015,KY,585783,$94067.0426
2015,LA,2366239,$134589.3041
2015,MA,635744,$356467.1585
2015,MD,1848747,$298139.2347
2015,ME,514400,$170206.891
2015,MI,4650575,$126816.5128
2015,MN,354265,$170806.3726
2015,MO,615277,$128988.7775
2015,MS,686204,$110557.3442
2015,MT,249552,$206029.1666
2015,NC,3369052,$149586.0601
2015,ND,95082,$185804.8973
2015,NE,277890,$129968.8531
2015,NH,264868,$227230.3931
2015,NJ,575949,$354575.7576
2015,NM,748859,$168462.1521
2015,NV,1532276,$232680.2269
2015,NY,3215993,$294491.0967
2015,OH,4328014,$128918.6692
2015,OK,1563468,$78471.1868
2015,OR,784773,$229342.9699
2015,PA,3781508,$148469.0774
2015,SC,1903921,$133174.5144
2015,SD,283958,$156592.72
2015,TN,2046731,$118777.1115
2015,TX,14765861,$166857.1826
2015,UT,1605052,$255820.0534
2015,VA,1525678,$204275.7328
2015,VT,162217,$210335.5548
2015,WA,3636182,$273426.0227
2015,WI,2531635,$165632.2609
2015,WV,343811,$101804.8624
2015,WY,124251,$213120.7064
2016,AK,301213,$214079.3236
2016,AL,2064510,$118836.8619
2016,AR,928526,$101687.5991
2016,AZ,3509573,$200283.4139
2016,CA,22774398,$476540.3218
2016,CO,3198384,$290881.573
2016,CT,2151290,$287719.1245
2016,DE,90378,$228282.364
2016,FL,11392671,$237106.5482
2016,GA,4732702,$132228.8966
2016,HI,764624,$504435.001
2016,IA,1043951,$122400.7416
2016,ID,698375,$195387.6101
2016,IL,1019035,$146415.4375
2016,IN,2244682,$118892.5826
2016,KS,699294,$82102.0973
2016,KY,597274,$88649.7489
2016,LA,2365536,$133718.6184
2016,MA,641596,$375966.5567
2016,MD,1875861,$304828.0634
2016,ME,522311,$178570.6203
2016,MI,4718978,$132997.9221
2016,MN,357161,$177696.3365
2016,MO,621274,$129434.6778
2016,MS,691734,$111467.9719
2016,MT,252083,$200174.7461
2016,NC,3446794,$155377.317
2016,ND,94914,$174746.6164
2016,NE,280739,$120855.9988
2016,NH,269070,$234487.121
2016,NJ,584475,$364914.3385
2016,NM,754959,$165695.6487
2016,NV,1591653,$249028.3293
2016,NY,3232849,$315420.5451
2016,OH,4376748,$132585.7965
2016,OK,1569879,$79658.0058
2016,OR,803431,$249763.7696
2016,PA,3803235,$155367.4602
2016,SC,1950988,$140527.4486
2016,SD,288181,$153324.1025
2016,TN,2111858,$128199.2467
2016,TX,15047151,$176231.5573
2016,UT,1669656,$275753.873
2016,VA,1550641,$207889.292
2016,VT,163808,$211761.4887
2016,WA,3735260,$294733.7481
2016,WI,2559908,$171881.6862
2016,WV,337397,$103957.8118
2016,WY,121405,$235466.3585
2017,AK,300968,$218050.6634
2017,AL,2092650,$120448.6121
2017,AR,943704,$105414.9813
2017,AZ,3605553,$211450.1077
2017,CA,23142898,$508092.8582
2017,CO,3283815,$312805.3209
2017,CT,2151140,$294968.0414
2017,DE,91846,$238689.3733
2017,FL,11804614,$253299.8284
2017,GA,4864681,$138142.806
2017,HI,767638,$534407.8724
2017,IA,1052296,$124537.7687
2017,ID,723061,$212024.3344
2017,IL,1014503,$147373.67
2017,IN,2290696,$124886.58
2017,KS,700455,$83431.5784
2017,KY,603260,$92531.1179
2017,LA,2369725,$131056.4456
2017,MA,646293,$397237.1537
2017,MD,1896683,$314533.3317
2017,ME,529561,$188962.7302
2017,MI,4776200,$141466.9951
2017,MN,360023,$187151.529
2017,MO,628946,$134456.0447
2017,MS,696867,$109705.9751
2017,MT,254338,$208406.6972
2017,NC,3502011,$162003.6198
2017,ND,93885,$166717.0803
2017,NE,282141,$126113.1455
2017,NH,271987,$247525.7123
2017,NJ,584559,$375737.4046
2017,NM,758261,$167230.5043
2017,NV,1645243,$267297.9741
2017,NY,3248188,$327920.7542
2017,OH,4416727,$137140.2549
2017,OK,1577183,$81665.2078
2017,OR,826554,$269815.4353
2017,PA,3829408,$159828.6786
2017,SC,1994841,$144174.7025
2017,SD,292992,$158905.6509
2017,TN,2173008,$138167.4959
2017,TX,15459364,$185877.9653
2017,UT,1724534,$296686.962
2017,VA,1572739,$213043.3072
2017,VT,164701,$220096.6518
2017,WA,3836251,$319688.8423
2017,WI,2577704,$180133.0551
2017,WV,335822,$105298.4216
2017,WY,122574,$244454.5086
2018,AK,300779,$223828.9273
2018,AL,2130151,$125616.5284
2018,AR,959723,$110509.7784
2018,AZ,3718121,$226373.2149
2018,CA,23667227,$554372.0333
2018,CO,3374722,$334963.1038
2018,CT,2164627,$300655.2372
2018,DE,94116,$247615.3892
2018,FL,12258808,$271465.2557
2018,GA,5006509,$149149.7572
2018,HI,768677,$528953.1508
2018,IA,1063194,$127571.828
2018,ID,752716,$231077.8694
2018,IL,1017891,$151073.5745
2018,IN,2331129,$132908.3522
2018,KS,705866,$86385.2135
2018,KY,606667,$97167.6861
2018,LA,2401041,$133016.4752
2018,MA,650513,$418444.7996
2018,MD,1926034,$324025.9751
2018,ME,538137,$200624.1152
2018,MI,4852340,$150812.9905
2018,MN,363672,$195897.8708
2018,MO,637188,$140197.5477
2018,MS,700236,$112051.1857
2018,MT,257895,$223688.676
2018,NC,3584641,$171061.2329
2018,ND,93404,$165177.6473
2018,NE,287326,$134554.6338
2018,NH,276104,$262931.8869
2018,NJ,596134,$389786.8588
2018,NM,767015,$174635.6101
2018,NV,1710891,$278501.2823
2018,NY,3283295,$340617.5133
2018,OH,4474514,$143683.6367
2018,OK,1599306,$86479.1685
2018,OR,847852,$289114.2922
2018,PA,3871180,$166293.0767
2018,SC,2053162,$155429.7641
2018,SD,299108,$169214.4928
2018,TN,2230891,$147607.4861
2018,TX,15934938,$195614.3532
2018,UT,1790976,$324096.6966
2018,VA,1595886,$220235.4592
2018,VT,165592,$230656.0877
2018,WA,3927996,$350343.0347
2018,WI,2610126,$190016.9413
2018,WV,340115,$108696.7865
2018,WY,124911,$249422.6341
2019,AK,300136,$237877.4049
2019,AL,2149320,$132817.2664
2019,AR,966526,$113751.9391
2019,AZ,3793369,$244970.5175
2019,CA,23817796,$563278.2961
2019,CO,3415956,$354091.1128
2019,CT,2149940,$303138.626
2019,DE,95292,$256137.7955
2019,FL,12460896,$284519.4445
2019,GA,5102300,$158703.6831
2019,HI,757564,$563827.846
2019,IA,1064406,$130885
2019,ID,773817,$252188.6748
2019,IL,1009079,$154331.535
2019,IN,2343381,$141011.4306
2019,KS,710688,$90890.9319
2019,KY,607064,$98744.4233
2019,LA,2395581,$136069.0603
2019,MA,648123,$430254.4683
2019,MD,1925059,$334487.5911
2019,ME,539868,$203530.4298
2019,MI,4858346,$159911.4914
2019,MN,366207,$203992.5073
2019,MO,640467,$146247.7797
2019,MS,702944,$114914.8092
2019,MT,258848,$239315.4071
2019,NC,3641297,$179417.9356
2019,ND,93675,$163267.3906
2019,NE,287432,$142164.8621
2019,NH,276437,$271747.7948
2019,NJ,604440,$401731.7127
2019,NM,769478,$182447.296
2019,NV,1746424,$297216.3081
2019,NY,3281954,$356374.8718
2019,OH,4484893,$151228.241
2019,OK,1603174,$90409.0776
2019,OR,848984,$304108.8399
2019,PA,3871119,$172566.9065
2019,SC,2078623,$164129.1923
2019,SD,302330,$178693.8573
2019,TN,2270213,$161834.1487
2019,TX,16225651,$202864.1689
2019,UT,1820244,$348499.2326
2019,VA,1609961,$226034.7291
2019,VT,165455,$238216.9348
2019,WA,3975994,$368514.8901
2019,WI,2613869,$200590.823
2019,WV,332030,$92469.8241
2019,WY,126536,$254577.8702
2020,AK,288608,$251873.1585
2020,AL,2116708,$144087.5239
2020,AR,957220,$121720.9524
2020,AZ,3784488,$267349.3926
2020,CA,22762492,$584676.3681
2020,CO,3353668,$380156.101
2020,CT,2074137,$313077.5868
2020,DE,95049,$271752.232
2020,FL,12421870,$302678.7991
2020,GA,5036359,$170509.1653
2020,HI,677563,$589261.5571
2020,IA,1033253,$140715.2289
2020,ID,786505,$283674.05
2020,IL,964727,$160467.1659
2020,IN,2274844,$152740.1633
2020,KS,687775,$106242.6595
2020,KY,588558,$107867.3896
2020,LA,2277592,$145176.6172
2020,MA,607054,$450284.7506
2020,MD,1861994,$349064.8003
2020,ME,520746,$220864.0791
2020,MI,4573496,$171435.4418
2020,MN,352647,$215636.8087
2020,MO,632020,$157118.5687
2020,MS,685176,$120394.1015
2020,MT,256562,$260921.1158
2020,NC,3575305,$192698.5293
2020,ND,92067,$166510.4816
2020,NE,280699,$152378.3326
2020,NH,266897,$292740.7275
2020,NJ,569245,$422797.2041
2020,NM,737458,$198021.1959
2020,NV,1634649,$317801.2187
2020,NY,3088782,$369021.7106
2020,OH,4349879,$161961.8018
2020,OK,1572475,$101574.5887
2020,OR,832750,$326993.4108
2020,PA,3689113,$182952.8546
2020,SC,2040928,$177340.9501
2020,SD,300742,$190660.1368
2020,TN,2251067,$176961.1688
2020,TX,16056219,$215886.1635
2020,UT,1849637,$378532.8222
2020,VA,1570382,$238392.5885
2020,VT,156953,$252292.5315
2020,WA,3835316,$400546.5732
2020,WI,2513542,$213373.5705
2020,WV,315983,$97305.8865
2020,WY,125716,$272544.0658
