Year,State,Population,AVG Price
2000,AK,403623,$139983.394
2000,AL,3197615,$90142.5622
2000,AR,1243811,$68742.9405
2000,AZ,4841800,$132916.6797
2000,CA,33190914,$266632.6459
2000,CO,3700292,$198529.3937
2000,CT,3119995,$196084.5759
2000,DE,127229,$130522.9708
2000,FL,15421963,$128270.695
2000,GA,5903159,$100399.1894
2000,HI,1005707,$183779.0111
2000,IA,1249921,$94989.7611
2000,ID,849624,$106297.9847
2000,IL,1710718,$161016.3377
2000,IN,3114526,$84972.2295
2000,KS,1006716,$103382.3469
2000,KY,789861,$79575.3077
2000,LA,3706412,$94886.3293
2000,MA,1038168,$218141.189
2000,MD,2644456,$168215.6737
2000,ME,737968,$114229.1681
2000,MI,8094158,$120482.5754
2000,MN,439604,$156174.0288
2000,MO,830756,$135897.4622
2000,NC,4629090,$105294.4943
2000,NE,336286,$120155.3113
2000,NH,382162,$138740.9196
2000,NJ,853716,$192724.7932
2000,NV,1791259,$219002.9498
2000,NY,5490046,$162490.055
2000,OH,6779608,$114358.5178
2000,OK,2138785,$54584.7695
2000,OR,1226947,$156184.225
2000,PA,6108016,$113468.7079
2000,SC,2656316,$111193.2536
2000,TN,2674142,$78729.9178
2000,TX,17975454,$152473.1122
2000,UT,1901728,$197909.1741
2000,VA,2105079,$154106.4416
2000,VT,199600,$111651.8141
2000,WA,4886118,$213344.7654
2000,WI,3538726,$162690.7205
2000,WV,617268,$67727.596
2001,AK,410895,$162820.5476
2001,AL,3216001,$93330.0794
2001,AR,1259058,$72368.1847
2001,AZ,4955918,$139989.1066
2001,CA,33675821,$297468.0421
2001,CO,3792364,$220786.1558
2001,CT,3138847,$213520.6585
2001,DE,129228,$146379.0109
2001,FL,15728742,$140095.4429
2001,GA,6030726,$107652.6345
2001,HI,1015183,$197270.6003
2001,IA,1260924,$99518.6748
2001,ID,870555,$152256.5661
2001,IL,1715963,$171394.519
2001,IN,3145856,$92936.7226
2001,KS,1011000,$179543.1121
2001,KY,797069,$83419.6781
2001,LA,3716920,$99925.5219
2001,MA,1038647,$248791.0167
2001,MD,2662926,$180413.3245
2001,ME,745345,$125721.3711
2001,MI,8123009,$127602.6954
2001,MN,445495,$172475.6877
2001,MO,839823,$139134.9072
2001,NC,4704826,$111936.9064
2001,NE,339238,$121867.3901
2001,NH,387414,$156413.5502
2001,NJ,858027,$214665.522
2001,NV,1869313,$236693.0343
2001,NY,5501148,$180903.2709
2001,OH,6797974,$119566.7135
2001,OK,2153696,$57443.002
2001,OR,1239284,$162139.3135
2001,PA,6112176,$119227.4075
2001,SC,2686493,$119524.1
2001,TN,2705525,$82198.3658
2001,TX,18348722,$150264.6414
2001,UT,1938111,$207095.6004
2001,VA,2125323,$170030.5433
2001,VT,201361,$120298.3314
2001,WA,4945911,$219403.5408
2001,WI,3560414,$167226.948
2001,WV,615206,$71240.4878
2002,AK,418677,$178626.1262
2002,AL,3232559,$97189.4494
2002,AR,1274874,$74386.8635
2002,AZ,5076807,$145892.8968
2002,CA,34059641,$325180.1925
2002,CO,3848520,$231280.512
2002,CT,3161697,$234480.7591
2002,DE,131824,$160911.7432
2002,FL,16056976,$155610.1401
2002,GA,6140564,$112342.301
2002,HI,1025056,$213028.276
2002,IA,1271720,$102342.048
2002,ID,889490,$152551.5176
2002,IL,1723558,$180859.7376
2002,IN,3169335,$97109.0479
2002,KS,1017038,$161686.7426
2002,KY,803739,$85628.1598
2002,LA,3738774,$107215.8757
2002,MA,1042952,$279260.6432
2002,MD,2686320,$198830.5121
2002,ME,752539,$139036.4205
2002,MI,8139215,$132802.3546
2002,MN,451876,$189745.2476
2002,MO,850577,$146365.7649
2002,NC,4773351,$120251.3644
2002,NE,343175,$123163.0436
2002,NH,389665,$174922.0139
2002,NJ,864186,$241255.2968
2002,NM,1189165,$144689.0412
2002,NV,1943171,$257207.2295
2002,NY,5518187,$201738.4534
2002,OH,6812271,$123420.6555
2002,OK,2174223,$59647.7731
2002,OR,1258601,$167911.7245
2002,PA,6127058,$127238.0841
2002,SC,2715320,$122459.2
2002,TN,2733674,$84626.2714
2002,TX,18704397,$152991.5857
2002,UT,1972343,$209790.2136
2002,VA,2145587,$183494.4556
2002,VT,203052,$128981.6091
2002,WA,4996519,$224913.8901
2002,WI,3585326,$169204.4772
2002,WV,615915,$74139.5444
2002,WY,150780,$136906.5981
2003,AK,424615,$187734.3938
2003,AL,3257941,$99086.899
2003,AR,1294509,$77032.4506
2003,AZ,5188527,$153481.6128
2003,CA,34430907,$363488.354
2003,CO,3883082,$234156.6765
2003,CT,3184259,$262158.7994
2003,DE,134605,$181673.7061
2003,FL,16364301,$174791.8348
2003,GA,6240599,$115093.4258
2003,HI,1031907,$244538.9723
2003,IA,1282944,$105897.328
2003,ID,908608,$151107.6329
2003,IL,1733640,$190806.0232
2003,IN,3200433,$105622.9711
2003,KS,1021270,$159313.7038
2003,KY,812942,$86775.1896
2003,LA,3764728,$113788.5853
2003,MA,1046565,$314393.0934
2003,MD,2706565,$225997.9994
2003,ME,759757,$153852.5738
2003,MI,8155977,$136105.3005
2003,MN,457564,$205000.6757
2003,MO,862325,$153724.2156
2003,MS,1088765,$76682.9485
2003,NC,4824770,$123998.434
2003,NE,347786,$124593.3065
2003,NH,391461,$194103.8148
2003,NJ,872156,$277710.2074
2003,NM,1210939,$153798.5384
2003,NV,2015113,$283190.28
2003,NY,5538644,$228044.6856
2003,OH,6830346,$127610.783
2003,OK,2186710,$61180.0888
2003,OR,1275290,$175194.7561
2003,PA,6148744,$138481.0799
2003,SC,2744662,$121008.9398
2003,TN,2768524,$87538.0249
2003,TX,19023485,$156171.558
2003,UT,2003443,$209312.8148
2003,VA,2168024,$200595.2552
2003,VT,204201,$138530.5822
2003,WA,5034279,$232253.2172
2003,WI,3606607,$179033.9773
2003,WV,617105,$76647.1371
2003,WY,152330,$139806.5119
2004,AK,434288,$200927.4338
2004,AL,3284958,$103338.8451
2004,AR,1316961,$81382.2454
2004,AZ,5328192,$168686.9367
2004,CA,34745743,$423682.7802
2004,CO,3926055,$237128.6231
2004,CT,3193177,$291494.3987
2004,DE,139342,$209048.5272
2004,FL,16765800,$192033.5012
2004,GA,6357636,$118857.26
2004,HI,1048622,$300238.2428
2004,IA,1296540,$112581.2554
2004,ID,932051,$158450.2461
2004,IL,1743148,$199437.107
2004,IN,3227352,$112090.3296
2004,KS,1027106,$162049.0362
2004,KY,822502,$89659.9539
2004,LA,3796335,$122718.9044
2004,MA,1045075,$344621.2609
2004,MD,2725846,$264293.5342
2004,ME,764109,$174368.5027
2004,MI,8162965,$141295.9114
2004,MN,462312,$213505.1489
2004,MO,873857,$156616.1715
2004,MS,1104935,$79030.1963
2004,NC,4905605,$128387.8608
2004,NE,350664,$129438.2239
2004,NH,394428,$216497.5097
2004,NJ,879290,$316353.8654
2004,NM,1233746,$164730.1021
2004,NV,2105076,$337175.9812
2004,NY,5550414,$253824.5328
2004,OH,6842252,$132243.147
2004,OK,2203328,$63419.7052
2004,OR,1288653,$192003.3179
2004,PA,6163183,$151827.3604
2004,SC,2789194,$122634.4765
2004,TN,2809812,$91134.2259
2004,TX,19367523,$163808.4421
2004,UT,2039638,$212852.6403
2004,VA,2193795,$229023.2097
2004,VT,205652,$155549.3636
2004,WA,5086283,$251800.644
2004,WI,3628151,$197673.7991
2004,WV,617630,$80130.5975
2004,WY,154462,$146082.173
2005,AK,441334,$183939.2321
2005,AL,3322832,$110483.2793
2005,AR,1342636,$87679.738
2005,AZ,5510818,$211903.0327
2005,CA,34992800,$493325.6209
2005,CO,3978782,$246898.9011
2005,CT,3202408,$328181.3769
2005,DE,144585,$244371.4124
2005,FL,17182729,$235965.5041
2005,GA,6489907,$123920.8725
2005,HI,1061629,$384640.4051
2005,IA,1311388,$118406.2931
2005,ID,963492,$160973.2205
2005,IL,1754147,$212538.8771
2005,IN,3261149,$119252.7069
2005,KS,1033204,$158598.204
2005,KY,834462,$92634.6912
2005,LA,3821413,$132047.039
2005,MA,1042967,$374809.7714
2005,MD,2741102,$318401.2722
2005,ME,767365,$191626.2233
2005,MI,8157334,$146826.5109
2005,MN,467521,$217211.8203
2005,MO,889750,$162988.3323
2005,MS,1116392,$83732.4874
2005,MT,338364,$210418.9546
2005,NC,4988965,$137027.3403
2005,NE,354340,$134439.5988
2005,NH,396381,$239387.5214
2005,NJ,883638,$363938.5453
2005,NM,1261169,$175342.1696
2005,NV,2182050,$419346.8368
2005,NY,5550043,$284372.7639
2005,OH,6849657,$136275.1531
2005,OK,2223002,$66090.1308
2005,OR,1308880,$219601.0419
2005,PA,6180113,$163085.3251
2005,SC,2827441,$131467.6591
2005,TN,2858450,$96671.2646
2005,TX,19736859,$169875.0774
2005,UT,2088269,$213987.9858
2005,VA,2226974,$272817.5597
2005,VT,206637,$175280.9814
2005,WA,5147408,$287446.5552
2005,WI,3646735,$208172.7306
2005,WV,616985,$87128.1477
2005,WY,155654,$158128.1447
2006,AK,449263,$196890.0756
2006,AL,3376894,$119500.2951
2006,AR,1374585,$94521.837
2006,AZ,5695176,$259039.7463
2006,CA,35182458,$539874.9148
2006,CO,4059076,$256628.5877
2006,CT,3211000,$350733.3709
2006,DE,149704,$277616.0912
2006,FL,17498766,$281632.041
2006,GA,6682269,$130444.0473
2006,HI,1072730,$459054.8313
2006,IA,1329692,$122476.0576
2006,ID,998214,$174278.9001
2006,IL,1770355,$220028.5065
2006,IN,3302439,$123210.8675
2006,KS,1043750,$155816.6886
2006,KY,848031,$94866.8505
2006,LA,3541746,$147426.885
2006,MA,1041298,$379126.2269
2006,MD,2757011,$363376.0715
2006,ME,769992,$196609.0939
2006,MI,8142013,$148300.443
2006,MN,474515,$220751.2494
2006,MO,908540,$169376.8284
2006,MS,1093752,$90592.5934
2006,MT,342513,$221735.9124
2006,NC,5109112,$149040.0952
2006,NE,358300,$134246.5044
2006,NH,398169,$249946.1771
2006,NJ,886665,$400824.6512
2006,NM,1288767,$197070.8132
2006,NV,2263550,$459230.0877
2006,NY,5553290,$309208.0305
2006,OH,6858579,$138476.1514
2006,OK,2257382,$68818.7498
2006,OR,1333572,$256460.5633
2006,PA,6211736,$176218.6981
2006,SC,2886525,$145899.0187
2006,SD,331055,$137143.1769
2006,TN,2922629,$103952.7431
2006,TX,20298522,$177423.5199
2006,UT,2148294,$233657.0593
2006,VA,2265991,$299858.8342
2006,VT,207426,$190495.2944
2006,WA,5241980,$333237.8087
2006,WI,3667361,$212007.6537
2006,WV,617306,$92666.5586
2006,WY,157625,$167981.3751
2007,AK,453739,$205579.3566
2007,AL,3416103,$124527.8974
2007,AR,1397821,$97310.3691
2007,AZ,5828535,$260520.2271
2007,CA,35409556,$506675.0877
2007,CO,4133963,$259800.4492
2007,CT,3220160,$348221.7852
2007,DE,153969,$281555.0942
2007,FL,17693684,$274310.0617
2007,GA,6847038,$134854.3382
2007,HI,1073452,$471160.7676
2007,IA,1349128,$125324.2514
2007,ID,1028524,$200691.2084
2007,IL,1786252,$219124.3971
2007,IN,3339780,$123992.6021
2007,KS,1054397,$156214.0719
2007,KY,858592,$96255.7671
2007,LA,3614942,$151380.9341
2007,MA,1040116,$365162.1183
2007,MD,2768218,$367294.3809
2007,ME,772236,$197104.3655
2007,MI,8109373,$141731.8093
2007,MN,480343,$217348.462
2007,MO,924244,$170429.9202
2007,MS,1108719,$94735.134
2007,MT,346567,$231479.5179
2007,NC,5221693,$164486.9568
2007,NE,362286,$130926.2363
2007,NH,398843,$246258.2924
2007,NJ,887566,$397316.7329
2007,NM,1313853,$213003.8756
2007,NV,2335829,$419305.5526
2007,NY,5559266,$309157.5468
2007,OH,6873147,$137797.4092
2007,OK,2290073,$71733.7208
2007,OR,1354780,$275158.6151
2007,PA,6237100,$181396.0262
2007,SC,2943537,$152593.4901
2007,SD,337833,$139407.5898
2007,TN,2979493,$109482.3738
2007,TX,20758595,$174637.5174
2007,UT,2210765,$276509.0484
2007,VA,2296649,$292918.314
2007,VT,208232,$199952.6599
2007,WA,5318745,$350896.8516
2007,WI,3692502,$210532.0781
2007,WV,618575,$94670.4939
2007,WY,160019,$182756.8708
2008,AK,460185,$208049.6533
2008,AL,3455585,$123874.3757
2008,AR,1420393,$96990.2273
2008,AZ,5937517,$221117.8715
2008,CA,35761758,$430590.4921
2008,CO,4210469,$253793.7582
2008,CT,3237516,$332548.6475
2008,DE,157925,$268881.3802
2008,FL,17846636,$230994.6413
2008,GA,6975992,$137130.6461
2008,HI,1085104,$456324.158
2008,IA,1367577,$124819.7801
2008,ID,1051731,$213388.5556
2008,IL,1795254,$206318.8393
2008,IN,3372395,$123322.1978
2008,KS,1070136,$156475.5196
2008,KY,871264,$96915.6153
2008,LA,3675827,$147594.0058
2008,MA,1039677,$348074.0806
2008,MD,2781740,$339377.3951
2008,ME,775847,$194300.7081
2008,MI,8062207,$129776.9462
2008,MN,485809,$202402.6663
2008,MO,935554,$163476.3253
2008,MS,1120840,$80322.6648
2008,MT,351441,$228447.7698
2008,NC,5335631,$166222.8306
2008,NE,367048,$128091.4693
2008,NH,399556,$235331.2791
2008,NJ,890421,$374839.9062
2008,NM,1332847,$211982.5437
2008,NV,2386793,$347861.7521
2008,NY,5570935,$299620.8648
2008,OH,6886229,$134444.1646
2008,OK,2316181,$73290.0152
2008,OR,1371739,$260759.2867
2008,PA,6260953,$179782.054
2008,SC,3002953,$150200.5061
2008,SD,344946,$146774.5239
2008,TN,3030718,$109740.9581
2008,TX,21219667,$176856.3312
2008,UT,2265693,$282929.1957
2008,VA,2322794,$269640.71
2008,VT,209332,$200715.455
2008,WA,5404115,$331014.9879
2008,WI,3715445,$208833.3239
2008,WV,620138,$98403.4289
2008,WY,162759,$177485.6807
2009,AK,469800,$206236.8964
2009,AL,3494457,$119370.3738
2009,AR,1440517,$93766.3164
2009,AZ,5997329,$178449.2994
2009,CA,36117202,$359349.4897
2009,CO,4284191,$239113.2628
2009,CT,3253680,$309849.9479
2009,DE,160081,$242729.923
2009,FL,17971506,$188121.7671
2009,GA,7073984,$125354.682
2009,HI,1096570,$410139.6589
2009,IA,1383750,$114177.4423
2009,ID,1068301,$189046.7111
2009,IL,1804644,$170641.6061
2009,IN,3402678,$113272.0881
2009,KS,1084655,$137663.186
2009,KY,882520,$93908.493
2009,LA,3728856,$132768.2463
2009,MA,1039337,$328046.4141
2009,MD,2799291,$300152.4146
2009,ME,776328,$181701.5429
2009,MI,8028699,$113968.278
2009,MN,490322,$174487.232
2009,MO,945795,$144962.6905
2009,MS,1129604,$108538.5229
2009,MT,354972,$214448.4665
2009,NC,5426553,$155681.99
2009,ND,109009,$155633.5312
2009,NE,371689,$121499.6426
2009,NH,400148,$220047.3964
2009,NJ,893206,$347019.203
2009,NM,1354413,$187040.2029
2009,NV,2416595,$246742.2613
2009,NY,5580451,$280281.7336
2009,OH,6898830,$126123.8589
2009,OK,2353724,$71495.1118
2009,OR,1382525,$229902.7599
2009,PA,6282708,$162022.478
2009,SC,3048203,$134918.1115
2009,SD,351072,$141065.5695
2009,TN,3068653,$106537.7872
2009,TX,21690557,$147370.38
2009,UT,2314884,$243071.2134
2009,VA,2343749,$222628.6816
2009,VT,210435,$196119.7131
2009,WA,5496785,$272053.6081
2009,WI,3742445,$170376.9172
2009,WV,623228,$97539.2907
2009,WY,165668,$200129.1388
2010,AK,481782,$205764.2736
2010,AL,3522495,$111360.7468
2010,AR,1462173,$92013.6801
2010,AZ,6055970,$160756.143
2010,CA,36476682,$348763.9756
2010,CO,4360094,$229181.9871
2010,CT,3271843,$299047.9677
2010,DE,162940,$221182.8145
2010,FL,18160834,$173176.6251
2010,GA,7148976,$116148.7462
2010,HI,1112523,$394456.2247
2010,IA,1398389,$109060.7026
2010,ID,1081559,$168892.8619
2010,IL,1809145,$159473.7624
2010,IN,3428694,$109817.1736
2010,KS,1098064,$124452.5704
2010,KY,897388,$92584.933
2010,LA,3779429,$127196.6955
2010,MA,1042738,$328475.5945
2010,MD,2822569,$285169.1908
2010,ME,775789,$173782.9008
2010,MI,8012355,$106938.0959
2010,MN,493336,$165977.8538
2010,MO,954229,$135882.9641
2010,MS,1140543,$111127.3238
2010,MT,358578,$202195.1695
2010,NC,5516256,$147748.9151
2010,ND,111206,$138669.2775
2010,NE,376021,$118727.0617
2010,NH,401162,$213836.3133
2010,NJ,897294,$336730.6891
2010,NM,1374257,$174554.7007
2010,NV,2432959,$211571.1967
2010,NY,5594164,$276392.4155
2010,OH,6910593,$122264.1142
2010,OK,2390391,$70492.5533
2010,OR,1389792,$212999.0336
2010,PA,6303865,$158640.3598
2010,SC,3082455,$125543.7419
2010,SD,355813,$141674.5488
2010,TN,3099463,$104390.5004
2010,TX,22109563,$141485.5972
2010,UT,2360676,$225796.5478
2010,VA,2359076,$208036.1651
2010,VT,211648,$193357.7785
2010,WA,5561058,$253987.9711
2010,WI,3761073,$163312.622
2010,WV,625890,$94690.1151
2010,WY,167710,$193570.8693
2011,AK,486681,$205197.6801
2011,AL,3546830,$104128.0987
2011,AR,1483053,$89546.4196
2011,AZ,6101536,$144307.9058
2011,CA,36806455,$326300.9099
2011,CO,4433355,$220280.6322
2011,CT,3286233,$286327.9865
2011,DE,164997,$204446.6293
2011,FL,18358672,$160225.3204
2011,GA,7234714,$106607.8455
2011,HI,1130089,$388334.9665
2011,IA,1416837,$107345.1604
2011,ID,1096328,$153398.5874
2011,IL,1813253,$148571.0986
2011,IN,3456856,$107423.2178
2011,KS,1104230,$112475.8089
2011,KY,906586,$89499.5567
2011,LA,3814017,$122448.5074
2011,MA,1046856,$318044.8124
2011,MD,2846714,$272816.1837
2011,ME,778846,$168133.9529
2011,MI,8030767,$102107.5214
2011,MN,496073,$154161.5741
2011,MO,959309,$127015.2415
2011,MS,1152311,$110175.7925
2011,MT,361127,$194117.0669
2011,NC,5567854,$141004.9333
2011,ND,113327,$140364.2743
2011,NE,380748,$114968.343
2011,NH,403323,$209079.1468
2011,NJ,900786,$318916.9707
2011,NM,1386080,$163000.2699
2011,NV,2441659,$189559.1449
2011,NY,5612533,$269657.2718
2011,OH,6928363,$117145.9824
2011,OK,2418008,$68813.5131
2011,OR,1399336,$195189.7609
2011,PA,6329312,$151491.4326
2011,SC,3108496,$117870.1088
2011,SD,359994,$136917.2421
2011,TN,3133786,$102044.1039
2011,TX,22499206,$137713.7082
2011,UT,2398692,$212521.8114
2011,VA,2374966,$199327.1858
2011,VT,213820,$194187.914
2011,WA,5639340,$233725.2469
2011,WI,3779364,$153845.9116
2011,WV,628077,$93026.3426
2011,WY,168980,$189756.2059
2012,AK,493083,$193705.9231
2012,AL,3573989,$103658.6723
2012,AR,1499997,$90550.4105
2012,AZ,6164974,$147249.4894
2012,CA,37129995,$322696.3792
2012,CO,4503877,$219115.3578
2012,CT,3298554,$266576.7899
2012,DE,167072,$193089.3973
2012,FL,18594759,$160236.1403
2012,GA,7329056,$104703.7007
2012,HI,1147404,$378866.0953
2012,IA,1431806,$109572.6619
2012,ID,1109673,$153600.8759
2012,IL,1812529,$137381.7897
2012,IN,3484436,$103051.1562
2012,KS,1115446,$92921.5592
2012,KY,915301,$87940.6376
2012,LA,3842365,$121701.1326
2012,MA,1049471,$308995.8837
2012,MD,2873188,$266588.3073
2012,ME,781341,$157394.6633
2012,MI,8060811,$100812.2737
2012,MN,498437,$147118.1665
2012,MO,966753,$114688.728
2012,MS,1159032,$98096.9554
2012,MT,363886,$190720.1658
2012,NC,5624243,$138490.4928
2012,ND,116539,$136282.8675
2012,NE,385597,$114541.6232
2012,NH,405328,$202944.0048
2012,NJ,905804,$312754.346
2012,NM,1391715,$157189.8836
2012,NV,2469544,$181174.1903
2012,NY,5626184,$264780.4683
2012,OH,6948364,$115185.0744
2012,OK,2448073,$68651.7535
2012,OR,1405655,$189287.4098
2012,PA,6347805,$147960.264
2012,SC,3141035,$117679.4965
2012,SD,366997,$134318.5536
2012,TN,3173821,$102706.6129
2012,TX,22927442,$137376.8829
2012,UT,2437484,$208785.3793
2012,VA,2397213,$189319.7462
2012,VT,215032,$192456.5205
2012,WA,5707901,$219279.2331
2012,WI,3799413,$145939.3863
2012,WV,630227,$94140.9696
2012,WY,173255,$185633.5581
2013,AK,499022,$200386.3451
2013,AL,3600845,$108847.092
2013,AR,1515484,$92148.3362
2013,AZ,6222414,$165825.4399
2013,CA,37454311,$369550.6278
2013,CO,4578231,$232699.6808
2013,CT,3304214,$270297.2087
2013,DE,168711,$197717.4273
2013,FL,18832976,$176948.9587
2013,GA,7400862,$111193.7803
2013,HI,1162372,$408766.3517
2013,IA,1451541,$114901.5856
2013,ID,1125735,$165515.4858
2013,IL,1817076,$141301.5
2013,IN,3516305,$104341.6883
2013,KS,1117844,$96260.6241
2013,KY,924332,$89990.7939
2013,LA,3871710,$126519.5026
2013,MA,1051685,$322358.0215
2013,MD,2891606,$277405.5639
2013,ME,784589,$160633.9659
2013,MI,8090285,$109891.4528
2013,MN,501268,$155231.0119
2013,MO,974607,$118271.6338
2013,MS,1164168,$98100.9022
2013,MT,367864,$187953.9846
2013,NC,5680470,$139313.1757
2013,ND,120508,$155101.878
2013,NE,390252,$119379.1149
2013,NH,406704,$208032.9263
2013,NJ,908917,$325336.6779
2013,NM,1394450,$157590.7475
2013,NV,2498196,$190050.5222
2013,NY,5640237,$270488.7653
2013,OH,6984301,$118901.1703
2013,OK,2480675,$71163.536
2013,OR,1413102,$200254.8789
2013,PA,6361724,$144350.0958
2013,SC,3172416,$121119.2245
2013,SD,373949,$142997.4326
2013,TN,3214442,$106230.8453
2013,TX,23313709,$144274.3715
2013,UT,2480650,$227181.8214
2013,VA,2416253,$196138.3792
2013,VT,216378,$200743.7308
2013,WA,5773684,$239710.2764
2013,WI,3818991,$152043.5798
2013,WV,629805,$95844.18
2013,WY,176781,$192866.5823
2014,AK,498531,$204968.026
2014,AL,3626233,$114336.7921
2014,AR,1530530,$94235.8636
2014,AZ,6298146,$179997.5211
2014,CA,37798164,$416050.0854
2014,CO,4656270,$248564.9527
2014,CT,3310319,$278112.3289
2014,DE,171031,$209351.3181
2014,FL,19120636,$196747.7954
2014,GA,7499573,$117727.5312
2014,HI,1170569,$465307.5589
2014,IA,1471642,$118759.3116
2014,ID,1144630,$175677.2997
2014,IL,1810088,$148146.425
2014,IN,3541318,$108067.0003
2014,KS,1122064,$99770.6717
2014,KY,930187,$92442.3313
2014,LA,3895151,$130362.8956
2014,MA,1054906,$341102.7303
2014,MD,2908474,$290806.2775
2014,ME,790001,$166025.1447
2014,MI,8118175,$119755.6095
2014,MN,505102,$164144.1784
2014,MO,980626,$123380.672
2014,MS,1169556,$101288.5972
2014,MT,370331,$196750.2546
2014,NC,5731395,$144321.6734
2014,ND,123850,$173989.2862
2014,NE,396832,$124501.4894
2014,NH,409149,$215824.9157
2014,NJ,910239,$344737.6905
2014,NM,1393034,$165470.3084
2014,NV,2537222,$214839.3271
2014,NY,5647909,$285488.2528
2014,OH,7018176,$123655.8197
2014,OK,2506221,$74522.3269
2014,OR,1427746,$213750.413
2014,PA,6376140,$147466.7353
2014,SC,3210822,$127356.1647
2014,SD,380150,$148359.1009
2014,TN,3256598,$111715.7719
2014,TX,23780304,$155156.746
2014,UT,2518713,$242356.7794
2014,VA,2436872,$200657.6114
2014,VT,217712,$204867.2239
2014,WA,5857185,$254592.4881
2014,WI,3837049,$159251.1857
2014,WV,628813,$98888.9805
2014,WY,177340,$199415.4575
2015,AK,499644,$215389.0027
2015,AL,3649721,$116172.0524
2015,AR,1545754,$97741.9092
2015,AZ,6376895,$189877.3192
2015,CA,38125198,$449629.3397
2015,CO,4751309,$271772.2532
2015,CT,3308582,$283217.9449
2015,DE,172605,$220905.7963
2015,FL,19469539,$214435.9402
2015,GA,7608007,$124407.6219
2015,HI,1179919,$485434.2385
2015,IA,1488627,$124006.3336
2015,ID,1163750,$182609.6787
2015,IL,1804068,$150352.2201
2015,IN,3562446,$112917.9179
2015,KS,1128454,$103018.649
2015,KY,936842,$94067.0426
2015,LA,3920944,$134589.3041
2015,MA,1054893,$356467.1585
2015,MD,2923750,$298139.2347
2015,ME,791601,$170206.891
2015,MI,8133241,$126816.5128
2015,MN,509365,$170806.3726
2015,MO,987807,$128988.7775
2015,MS,1173854,$110557.3442
2015,MT,373003,$206029.1666
2015,NC,5785634,$149586.0601
2015,ND,127462,$185804.8973
2015,NE,400840,$129968.8531
2015,NH,411330,$227230.3931
2015,NJ,909194,$354575.7576
2015,NM,1393508,$168462.1521
2015,NV,2584505,$232680.2269
2015,NY,5648351,$294491.0967
2015,OH,7042138,$128918.6692
2015,OK,2539633,$78471.1868
2015,OR,1447823,$229342.9699
2015,PA,6381751,$148469.0774
2015,SC,3255312,$133174.5144
2015,SD,384629,$156592.72
2015,TN,3303927,$118777.1115
2015,TX,24264810,$166857.1826
2015,UT,2561064,$255820.0534
2015,VA,2455626,$204275.7328
2015,VT,219701,$210335.5548
2015,WA,5954023,$273426.0227
2015,WI,3852054,$165632.2609
2015,WV,626278,$101804.8624
2015,WY,179010,$213120.7064
2016,AK,503599,$214079.3236
2016,AL,3674898,$118836.8619
2016,AR,1561630,$101687.5991
2016,AZ,6464053,$200283.4139
2016,CA,38377800,$476540.3218
2016,CO,4830937,$290881.573
2016,CT,3305479,$287719.1245
2016,DE,173940,$228282.364
2016,FL,19858673,$237106.5482
2016,GA,7729339,$132228.8966
2016,HI,1187568,$504435.001
2016,IA,1504481,$122400.7416
2016,ID,1190057,$195387.6101
2016,IL,1798263,$146415.4375
2016,IN,3592111,$118892.5826
2016,KS,1129749,$82102.0973
2016,KY,945032,$88649.7489
2016,LA,3938558,$133718.6184
2016,MA,1055351,$375966.5567
2016,MD,2932924,$304828.0634
2016,ME,795618,$178570.6203
2016,MI,8164046,$132997.9221
2016,MN,514218,$177696.3365
2016,MO,993729,$129434.6778
2016,MS,1178418,$111467.9719
2016,MT,376459,$200174.7461
2016,NC,5857996,$155377.317
2016,ND,129785,$174746.6164
2016,NE,405988,$120855.9988
2016,NH,414107,$234487.121
2016,NJ,907839,$364914.3385
2016,NM,1397199,$165695.6487
2016,NV,2631624,$249028.3293
2016,NY,5647247,$315420.5451
2016,OH,7067697,$132585.7965
2016,OK,2562003,$79658.0058
2016,OR,1477946,$249763.7696
2016,PA,6388949,$155367.4602
2016,SC,3295236,$140527.4486
2016,SD,390878,$153324.1025
2016,TN,3354642,$128199.2467
2016,TX,24693090,$176231.5573
2016,UT,2619727,$275753.873
2016,VA,2475409,$207889.292
2016,VT,220494,$211761.4887
2016,WA,6069827,$294733.7481
2016,WI,3867365,$171881.6862
2016,WV,622700,$103957.8118
2016,WY,178710,$235466.3585
2017,AK,501868,$218050.6634
2017,AL,3700185,$120448.6121
2017,AR,1577417,$105414.9813
2017,AZ,6543279,$211450.1077
2017,CA,38572517,$508092.8582
2017,CO,4896380,$312805.3209
2017,CT,3305735,$294968.0414
2017,DE,175786,$238689.3733
2017,FL,20188853,$253299.8284
2017,GA,7830147,$138142.806
2017,HI,1186941,$534407.8724
2017,IA,1520895,$124537.7687
2017,ID,1219089,$212024.3344
2017,IL,1788349,$147373.67
2017,IN,3617996,$124886.58
2017,KS,1128244,$83431.5784
2017,KY,955688,$92531.1179
2017,LA,3938149,$131056.4456
2017,MA,1056133,$397237.1537
2017,MD,2942449,$314533.3317
2017,ME,800383,$188962.7302
2017,MI,8193821,$141466.9951
2017,MN,518752,$187151.529
2017,MO,1000777,$134456.0447
2017,MS,1181508,$109705.9751
2017,MT,379689,$208406.6972
2017,NC,5918564,$162003.6198
2017,ND,131140,$166717.0803
2017,NE,409784,$126113.1455
2017,NH,416477,$247525.7123
2017,NJ,908312,$375737.4046
2017,NM,1401040,$167230.5043
2017,NV,2678821,$267297.9741
2017,NY,5657990,$327920.7542
2017,OH,7098609,$137140.2549
2017,OK,2574062,$81665.2078
2017,OR,1505301,$269815.4353
2017,PA,6396821,$159828.6786
2017,SC,3331633,$144174.7025
2017,SD,398334,$158905.6509
2017,TN,3403783,$138167.4959
2017,TX,25057493,$185877.9653
2017,UT,2677501,$296686.962
2017,VA,2494238,$213043.3072
2017,VT,222432,$220096.6518
2017,WA,6178111,$319688.8423
2017,WI,3883914,$180133.0551
2017,WV,617000,$105298.4216
2017,WY,177826,$244454.5086
2018,AK,497859,$223828.9273
2018,AL,3725736,$125616.5284
2018,AR,1590622,$110509.7784
2018,AZ,6632618,$226373.2149
2018,CA,38680922,$554372.0333
2018,CO,4967643,$334963.1038
2018,CT,3308816,$300655.2372
2018,DE,177853,$247615.3892
2018,FL,20451280,$271465.2557
2018,GA,7919645,$149149.7572
2018,HI,1186538,$528953.1508
2018,IA,1532374,$127571.828
2018,ID,1247896,$231077.8694
2018,IL,1778184,$151073.5745
2018,IN,3651241,$132908.3522
2018,KS,1129031,$86385.2135
2018,KY,963766,$97167.6861
2018,LA,3936440,$133016.4752
2018,MA,1058604,$418444.7996
2018,MD,2950025,$324025.9751
2018,ME,805768,$200624.1152
2018,MI,8212031,$150812.9905
2018,MN,523077,$195897.8708
2018,MO,1006900,$140197.5477
2018,MS,1181950,$112051.1857
2018,MT,381407,$223688.676
2018,NC,5983187,$171061.2329
2018,ND,131811,$165177.6473
2018,NE,412952,$134554.6338
2018,NH,418261,$262931.8869
2018,NJ,909638,$389786.8588
2018,NM,1403412,$174635.6101
2018,NV,2729619,$278501.2823
2018,NY,5670814,$340617.5133
2018,OH,7122489,$143683.6367
2018,OK,2588823,$86479.1685
2018,OR,1524825,$289114.2922
2018,PA,6411794,$166293.0767
2018,SC,3368059,$155429.7641
2018,SD,403859,$169214.4928
2018,TN,3450091,$147607.4861
2018,TX,25374050,$195614.3532
2018,UT,2725126,$324096.6966
2018,VA,2512750,$220235.4592
2018,VT,223841,$230656.0877
2018,WA,6260933,$350343.0347
2018,WI,3896839,$190016.9413
2018,WV,610619,$108696.7865
2018,WY,177961,$249422.6341
2019,AK,494890,$237877.4049
2019,AL,3753788,$132817.2664
2019,AR,1603376,$113751.9391
2019,AZ,6732532,$244970.5175
2019,CA,38688966,$563278.2961
2019,CO,5023815,$354091.1128
2019,CT,3305217,$303138.626
2019,DE,180255,$256137.7955
2019,FL,20673517,$284519.4445
2019,GA,8013804,$158703.6831
2019,HI,1183681,$563827.846
2019,IA,1545605,$130885
2019,ID,1278701,$252188.6748
2019,IL,1769252,$154331.535
2019,IN,3678959,$141011.4306
2019,KS,1130195,$90890.9319
2019,KY,969482,$98744.4233
2019,LA,3937037,$136069.0603
2019,MA,1056739,$430254.4683
2019,MD,2956055,$334487.5911
2019,ME,811274,$203530.4298
2019,MI,8218611,$159911.4914
2019,MN,527129,$203992.5073
2019,MO,1013420,$146247.7797
2019,MS,1182798,$114914.8092
2019,MT,383639,$239315.4071
2019,NC,6044873,$179417.9356
2019,ND,132775,$163267.3906
2019,NE,415425,$142164.8621
2019,NH,421513,$271747.7948
2019,NJ,911072,$401731.7127
2019,NM,1406950,$182447.296
2019,NV,2781693,$297216.3081
2019,NY,5671453,$356374.8718
2019,OH,7143838,$151228.241
2019,OK,2611242,$90409.0776
2019,OR,1540532,$304108.8399
2019,PA,6416180,$172566.9065
2019,SC,3408387,$164129.1923
2019,SD,411210,$178693.8573
2019,TN,3490777,$161834.1487
2019,TX,25717686,$202864.1689
2019,UT,2770136,$348499.2326
2019,VA,2529327,$226034.7291
2019,VT,224648,$238216.9348
2019,WA,6333655,$368514.8901
2019,WI,3911556,$200590.823
2019,WV,606452,$92469.8241
2019,WY,179097,$254577.8702
2020,AK,493383,$251873.1585
2020,AL,3778400,$144087.5239
2020,AR,1619865,$121720.9524
2020,AZ,6839612,$267349.3926
2020,CA,38641231,$584676.3681
2020,CO,5072123,$380156.101
2020,CT,3299146,$313077.5868
2020,DE,182256,$271752.232
2020,FL,20885767,$302678.7991
2020,GA,8084129,$170509.1653
2020,HI,1177964,$589261.5571
2020,IA,1555585,$140715.2289
2020,ID,1310042,$283674.05
2020,IL,1758677,$160467.1659
2020,IN,3699695,$152740.1633
2020,KS,1133617,$106242.6595
2020,KY,974073,$107867.3896
2020,LA,3931837,$145176.6172
2020,MA,1055687,$450284.7506
2020,MD,2955644,$349064.8003
2020,ME,815135,$220864.0791
2020,MI,8209543,$171435.4418
2020,MN,529865,$215636.8087
2020,MO,1018833,$157118.5687
2020,MS,1179225,$120394.1015
2020,MT,387133,$260921.1158
2020,NC,6096298,$192698.5293
2020,ND,133666,$166510.4816
2020,NE,417400,$152378.3326
2020,NH,422705,$292740.7275
2020,NJ,909875,$422797.2041
2020,NM,1413484,$198021.1959
2020,NV,2823557,$317801.2187
2020,NY,5662945,$369021.7106
2020,OH,7150662,$161961.8018
2020,OK,2634599,$101574.5887
2020,OR,1551962,$326993.4108
2020,PA,6415660,$182952.8546
2020,SC,3446169,$177340.9501
2020,SD,416786,$190660.1368
2020,TN,3533756,$176961.1688
2020,TX,26072769,$215886.1635
2020,UT,2813028,$378532.8222
2020,VA,2540856,$238392.5885
2020,VT,225563,$252292.5315
2020,WA,6397061,$400546.5732
2020,WI,3919880,$213373.5705
2020,WV,601818,$97305.8865
2020,WY,180919,$272544.0658
